player_id,run_id
0,972
0,973
0,974
0,975
0,976
0,977
0,978
0,979
0,980
0,981
0,982
0,983
0,984
0,985
0,986
0,987
0,988
0,989
0,990
0,991
0,992
0,993
0,994
0,995
0,996
0,997
0,998
0,999
0,1000
0,1001
0,1002
0,1003
0,1004
0,1005
0,1006
0,1007
0,1008
0,1009
0,1010
0,1011
0,1012
0,1013
0,1014
0,1015
0,1016
0,1017
0,1018
0,1019
0,1020
0,1021
339,864
1201,865
0,865
1182,865
130,866
473,867
971,868
663,869
1111,870
391,871
355,871
631,872
971,873
1124,874
1009,875
1133,876
570,877
422,878
185,878
1165,879
0,879
1111,879
300,880
422,881
185,881
0,881
1165,881
334,882
1111,883
330,884
891,885
891,886
891,887
768,888
0,888
834,888
229,889
325,890
934,891
934,892
325,893
0,893
391,893
355,893
325,894
322,895
608,896
1097,897
779,898
334,899
422,900
185,900
334,901
0,901
385,901
1111,902
570,903
0,903
924,903
601,904
88,905
88,906
118,907
88,908
88,909
300,910
1165,911
694,912
1016,913
1133,914
746,915
370,916
1095,916
0,916
816,916
370,917
1095,917
539,918
680,919
680,920
1092,921
539,922
240,923
131,924
967,925
334,926
0,926
544,926
601,927
601,928
601,929
248,930
1178,931
422,932
185,932
0,932
1165,932
0,932
590,932
0,932
694,932
248,933
300,934
539,935
0,935
590,935
543,936
435,937
322,938
1150,939
1124,940
229,941
229,942
694,943
694,944
483,945
1189,945
0,945
917,945
1005,946
1093,946
0,946
1195,946
0,946
1182,946
0,946
339,946
1182,947
891,948
1087,949
924,949
229,950
727,951
933,951
790,952
768,953
322,954
300,955
1123,956
779,957
1024,958
0,958
1201,958
0,958
1182,958
0,958
1123,958
1201,959
1133,960
385,961
473,962
473,963
422,964
185,964
422,965
185,965
422,966
185,966
903,967
118,968
422,969
185,969
330,970
543,971
320,1022
75,1022
1043,1023
1182,1024
1043,1025
1077,1026
583,1027
483,1028
1189,1028
483,1029
1189,1029
971,1030
806,1031
971,1032
274,1033
1077,1034
895,1035
320,1036
75,1036
425,1037
1050,1037
248,1038
0,1038
374,1038
425,1039
1050,1039
300,1040
248,1041
0,1041
88,1041
1198,1042
425,1043
1050,1043
583,1044
607,1045
274,1046
1133,1047
895,1048
69,1049
300,1050
973,1051
330,1052
740,1053
543,1054
1113,1055
1113,1056
934,1057
1182,1058
1163,1059
330,1060
330,1061
738,1062
738,1063
1182,1064
608,1065
88,1066
0,1066
1113,1066
0,1067
845,1068
248,1069
709,1070
709,1071
1043,1072
608,1073
0,1073
1019,1073
1019,1074
806,1075
1133,1076
1019,1077
777,1078
320,1079
75,1079
88,1080
274,1081
320,1082
75,1082
0,1082
88,1082
740,1083
0,1083
895,1083
1163,1084
131,1085
1005,1086
1093,1086
248,1087
0,1087
1005,1087
1093,1087
248,1088
0,1088
131,1088
574,1089
180,1090
180,1091
882,1092
607,1093
374,1094
0,1095
692,1
834,2
986,3
1133,4
473,5
738,5
935,6
688,6
790,7
846,8
1132,116
229,9
47,10
385,11
334,12
334,13
1127,13
201,13
47,117
166,14
660,15
170,15
613,15
192,16
473,17
1133,17
642,18
908,19
382,19
908,20
382,20
404,21
1092,22
836,23
0,23
946,23
0,23
88,23
1132,132
539,24
821,25
1,26
1,27
0,27
576,27
0,27
240,27
0,27
1184,27
576,28
1046,29
1046,30
322,31
322,32
330,33
285,118
251,34
775,35
181,36
334,37
1063,38
934,38
391,39
355,39
738,40
1182,41
1097,41
1127,42
201,42
1063,42
1165,43
697,43
934,43
1165,44
934,44
300,45
229,47
287,47
229,48
1127,49
201,49
300,50
1209,51
439,52
1132,133
288,53
288,54
964,55
391,56
355,56
707,57
707,58
0,58
986,58
0,58
1193,58
0,58
1062,58
502,120
5,120
601,120
1075,59
721,59
248,60
434,61
879,61
434,61
1092,62
1087,62
435,63
339,64
288,65
288,66
322,121
0,121
1088,121
130,67
768,68
0,68
330,68
1134,69
782,70
763,70
1134,71
928,72
422,73
185,73
834,73
422,74
185,74
285,76
1088,125
290,125
1127,125
201,125
300,77
756,78
1127,79
201,79
1193,80
88,81
88,122
248,123
385,82
334,83
334,126
483,126
1189,126
63,84
864,84
725,85
292,86
125,87
797,119
822,88
769,89
274,90
274,91
274,127
24,92
756,93
248,94
22,94
797,95
1064,96
710,97
483,98
1189,98
483,99
1189,99
483,100
1189,100
917,100
422,101
185,101
917,101
601,102
601,103
601,129
543,104
678,104
88,105
229,106
1150,107
322,128
240,108
57,108
1124,109
908,110
986,111
61,112
1068,130
322,113
836,131
543,114
678,114
1079,115
526,134
166,135
1034,217
955,136
971,137
1,138
346,139
597,139
617,140
1133,141
1133,142
1132,142
320,143
75,143
426,144
644,145
285,146
502,147
5,147
601,147
502,148
5,148
601,148
502,149
5,149
601,149
67,150
330,151
1,152
1,220
1065,153
181,154
1107,155
652,216
1063,216
775,156
55,159
1098,157
151,158
212,160
814,161
126,162
1034,163
390,164
1163,165
608,165
1065,166
1182,167
322,168
1165,169
88,170
934,219
393,219
55,171
248,171
88,172
320,211
75,211
88,173
320,173
75,173
1178,222
1182,222
248,174
759,175
1133,176
70,177
442,178
543,179
676,180
42,181
285,182
1178,183
304,183
330,184
802,223
1178,185
374,186
88,187
334,188
1127,188
201,188
1193,189
1193,224
1104,190
1,191
209,210
820,192
61,193
265,194
551,195
126,196
551,225
1088,197
417,198
1065,199
818,200
558,201
334,202
300,226
1182,227
290,227
775,227
166,203
1166,203
162,204
759,205
374,206
354,212
657,213
0,215
944,214
617,370
654,371
1135,372
436,372
593,373
288,374
124,375
0,375
655,375
0,375
288,375
791,376
462,377
874,378
193,379
482,380
346,382
597,382
524,382
88,383
723,384
1097,385
567,386
995,388
1199,387
549,387
920,387
129,387
357,389
978,390
384,391
1182,392
539,393
938,394
334,513
928,396
364,509
312,509
706,509
176,397
625,398
921,510
1076,399
130,400
1055,395
134,511
1173,381
961,381
300,401
779,402
176,403
7,404
7,405
134,405
1120,406
97,407
955,408
886,409
921,410
334,512
1127,512
201,512
589,411
339,412
570,413
567,414
549,415
920,415
129,415
314,416
885,417
756,417
229,418
391,421
355,421
1081,421
1081,422
1109,423
409,424
980,514
1092,426
680,427
137,428
297,428
836,429
698,429
62,430
885,430
85,431
1138,432
623,433
537,434
300,435
19,436
74,437
583,438
0,438
962,438
0,438
1035,438
0,438
1193,438
1124,439
928,439
928,519
1227,440
788,440
266,442
480,425
1053,425
1124,520
219,515
769,515
974,443
577,444
363,445
126,446
103,419
923,420
1127,420
201,420
476,447
620,448
579,450
1119,516
379,453
405,453
1133,452
624,451
346,451
597,451
1127,454
201,454
541,455
113,456
1061,517
334,457
188,458
756,459
1193,460
74,461
334,462
539,463
483,464
1189,464
59,465
694,465
483,466
1189,466
694,466
483,467
1189,467
229,468
287,468
234,468
1165,468
88,468
567,469
775,470
287,471
125,472
483,521
1189,521
483,523
1189,523
797,473
398,474
816,474
375,522
822,475
1058,476
125,477
176,478
814,479
840,480
591,480
840,481
591,481
1173,482
961,482
1133,483
838,484
531,484
838,485
0,485
988,485
0,485
575,485
0,485
913,485
798,486
364,487
312,487
706,487
47,488
488,489
47,489
70,490
1133,490
443,491
908,492
1165,493
266,494
1176,495
968,496
968,497
428,497
288,498
756,499
0,499
1162,499
0,499
35,499
0,499
1176,499
144,500
697,500
248,500
472,501
1169,501
1020,502
403,502
37,449
1,503
768,504
592,505
1133,506
1210,518
183,524
322,507
1010,508
657,525
1216,526
392,677
212,528
124,529
0,529
288,529
756,530
756,678
0,678
435,678
162,531
304,532
942,533
876,534
914,679
704,535
585,536
0,536
492,536
302,537
1142,538
712,539
285,680
273,540
431,541
673,542
415,543
1042,544
833,545
197,547
574,548
192,694
1223,553
573,681
954,550
330,551
530,552
626,682
456,554
268,555
1112,556
0,556
828,556
25,558
0,558
621,558
43,559
971,560
161,561
346,562
597,562
17,563
504,564
381,565
767,565
887,567
862,569
1135,566
702,568
0,568
1221,568
0,568
1019,568
1178,571
574,572
888,573
300,574
431,683
406,575
88,576
320,577
75,577
88,578
300,579
0,579
103,579
756,696
1234,580
914,581
701,582
322,583
1182,584
1220,584
1178,584
760,584
344,585
20,586
194,587
537,588
723,589
300,590
814,591
537,592
381,676
767,676
492,593
528,594
799,595
799,596
906,597
340,598
70,600
285,601
57,602
95,684
726,604
0,604
436,604
212,605
200,607
894,608
534,697
0,697
1127,697
201,697
0,697
103,697
334,697
534,685
334,686
0,686
1178,686
1165,610
0,610
422,610
185,610
19,612
334,613
42,614
814,692
988,617
345,616
871,616
814,618
0,618
906,618
1233,619
95,619
274,620
644,621
322,622
990,630
0,630
124,630
0,630
681,630
503,687
867,624
51,625
0,625
447,625
0,625
488,625
488,626
288,629
346,632
597,632
241,633
1034,634
1223,635
159,688
774,689
770,698
400,699
275,691
394,638
10,638
46,639
733,640
522,643
0,643
1090,643
173,642
0,642
678,642
0,642
988,642
173,651
0,651
326,651
640,652
374,644
1165,645
0,645
754,645
320,646
75,646
0,646
947,646
146,647
146,648
1165,701
1027,649
737,649
334,650
534,702
220,653
274,654
0,654
7,654
220,655
288,656
759,657
0,657
905,657
0,657
196,657
759,705
859,658
775,659
36,660
36,706
1034,706
609,706
783,661
0,661
632,661
0,661
896,661
61,704
168,662
453,663
0,663
96,663
957,690
0,690
1104,690
457,665
325,666
0,666
127,666
127,667
0,667
412,667
0,667
1162,667
0,667
712,667
220,668
981,669
496,670
0,670
1077,670
875,671
885,672
0,672
209,672
773,673
322,707
0,707
810,707
820,674
0,674
1162,674
1163,675
0,675
543,675
0,693
1115,708
331,708
823,710
846,711
1174,1096
0,1096
291,1096
0,1096
523,1096
742,713
939,1097
441,1097
874,1099
313,1099
874,1098
0,1098
313,1098
0,1098
982,1098
0,1098
86,1098
0,1098
316,1098
0,1098
361,1098
722,1098
537,716
848,717
83,718
639,719
693,724
494,724
1083,725
429,726
539,727
1127,728
201,728
627,729
31,730
851,730
1099,731
496,1101
784,734
784,733
401,732
0,732
270,732
0,732
908,732
0,732
578,732
636,736
636,735
620,735
37,737
1081,738
0,738
330,738
132,740
21,741
220,742
220,743
611,744
334,715
1127,715
201,715
582,781
239,745
598,747
863,748
870,749
1227,750
537,750
279,751
92,752
59,753
932,753
263,755
334,756
88,756
102,757
1228,758
932,758
320,759
75,759
88,759
229,760
188,1105
49,1106
0,1106
309,1106
0,1106
287,1106
1132,1107
567,723
809,723
229,761
287,761
64,762
1035,763
1072,764
1072,765
0,765
1030,765
0,765
1228,765
650,766
0,766
713,766
77,766
0,766
943,766
0,766
728,766
775,767
801,767
236,768
236,769
236,770
1226,771
654,772
914,773
665,775
320,774
75,774
461,774
520,709
0,709
230,709
0,709
65,709
0,709
35,709
138,776
890,777
1013,778
785,779
824,780
147,1108
959,720
71,721
137,722
862,784
545,785
752,786
253,786
253,787
814,788
1084,789
334,790
1193,791
140,1109
231,793
399,794
163,795
784,795
825,796
454,796
124,797
200,798
291,799
0,799
1076,799
552,800
1147,792
1166,792
109,801
739,802
1096,803
0,803
176,803
0,803
567,803
1098,804
0,804
552,804
0,804
1030,804
212,805
391,806
355,806
0,806
98,806
0,806
1225,806
0,806
289,806
466,807
788,808
539,809
95,810
1137,1110
242,1110
715,811
1196,812
95,813
271,814
285,815
421,816
374,817
1,818
887,819
1127,820
201,820
103,821
756,1102
248,822
1076,823
287,824
9,825
860,826
404,827
266,828
647,829
0,829
490,829
0,829
984,829
0,829
1182,829
1156,1111
1185,857
13,857
854,830
372,832
981,833
402,834
89,834
591,835
591,836
1,837
549,838
454,838
395,838
70,839
0,839
198,839
0,839
519,839
907,839
588,840
0,840
642,840
0,840
651,840
1172,841
736,842
469,843
908,846
288,847
293,848
359,849
885,850
486,851
1080,852
813,853
207,854
0,854
1229,854
0,854
1028,854
0,854
507,854
668,1103
167,844
860,855
1020,856
403,856
97,831
646,831
1122,859
543,860
957,1113
380,1112
984,861
424,861
1150,1114
968,862
1167,1104
599,1115
195,1116
352,1117
1031,1118
633,1119
104,1120
0,1120
756,1120
0,1120
974,1120
104,1121
45,1122
91,1123
1031,1124
672,1125
0,1125
303,1125
971,1126
376,1127
548,1128
644,1129
1204,1130
95,1131
497,1132
47,1133
444,1134
1218,1135
0,1135
861,1135
190,1136
1178,1137
110,1138
521,1139
991,1140
1011,1141
302,1142
0,1142
468,1142
88,1143
534,1144
0,1144
334,1144
658,1195
1197,1146
124,1147
124,1148
0,1148
1091,1148
534,1288
1142,1149
93,1150
708,1150
93,1289
708,1289
93,1290
708,1290
93,1291
708,1291
93,1153
708,1153
93,1151
708,1151
93,1152
708,1152
93,1292
708,1292
902,1284
173,1156
883,1157
416,1158
847,1159
612,1160
557,1161
283,1163
300,1166
19,1167
1112,1168
0,1168
88,1168
897,1169
166,1170
616,1171
1012,1172
915,1173
0,1173
296,1173
0,1173
1097,1173
552,1174
0,1174
711,1174
0,1174
1066,1174
0,1174
712,1174
396,1175
956,1176
892,1180
0,1180
1182,1180
248,1177
1182,1285
1182,1179
537,1181
755,1182
561,1183
202,1184
537,1185
1163,1186
222,1187
453,1188
444,1190
793,1191
1076,1193
1056,1194
142,1196
237,1197
212,1198
0,1198
561,1198
42,1199
0,1199
1015,1199
401,1200
563,1201
0,1201
759,1201
573,1202
0,1202
321,1202
936,1244
826,1204
512,1294
564,1205
1021,1206
1230,1207
614,1208
1076,1209
0,1209
712,1209
1142,1210
1218,1212
356,1213
315,1215
95,1216
0,1216
212,1216
814,1217
158,1218
20,1219
1035,1220
1139,1221
805,1222
220,1223
7,1224
734,1225
220,1226
1139,1227
772,1228
432,1229
103,1230
1125,1231
985,1233
445,1234
440,1235
0,1235
255,1235
1076,1236
1066,1237
503,1238
1215,1278
1183,1240
148,1242
56,1243
31,1267
1177,1268
410,1286
749,1245
730,1246
128,1248
334,1247
682,1250
327,1251
327,1252
1148,1253
294,1254
914,1255
253,1256
320,1257
75,1257
138,1259
747,1260
0,1260
323,1260
277,1261
0,1261
1047,1261
922,1262
0,1262
830,1262
0,1262
157,1262
957,1263
957,1293
0,1293
758,1293
918,1265
0,1265
119,1265
902,1266
111,1269
1231,1272
173,1270
475,1271
173,1273
0,1273
1122,1273
455,1274
1200,1274
856,1274
182,1274
455,1275
1200,1275
757,1275
498,1276
470,1276
1200,1276
3,1276
478,1277
714,1279
0,1279
614,1279
179,1280
0,1280
581,1280
0,1280
295,1280
11,1281
72,1281
0,1281
1105,1281
0,1281
1176,1281
0,1281
397,1281
1163,1282
0,1282
543,1282
657,1287
54,1295
235,1596
622,1596
288,1597
1099,1598
507,1599
451,1600
616,1601
866,1602
0,1602
126,1602
510,1603
0,1603
258,1603
998,1604
0,1604
729,1604
0,1604
295,1604
714,1605
0,1605
771,1605
147,1606
807,1607
20,1608
851,1609
23,1610
1025,1611
0,1611
952,1611
0,1611
1152,1611
0,1611
873,1611
82,1612
702,1613
1029,1614
971,1615
19,1616
0,1616
1008,1616
912,1617
0,1617
494,1617
208,1618
932,1619
788,1620
160,1621
1178,1622
0,1622
334,1622
12,1623
0,1623
1085,1623
1110,1624
2,1625
537,1626
538,1627
594,1628
814,1629
248,1630
1219,1631
216,1632
863,1633
0,1633
629,1633
128,1634
60,1635
1207,1636
0,1636
76,1636
611,1637
1170,1638
0,1638
568,1638
1193,1639
156,1640
645,1641
350,1642
0,1642
1151,1642
0,1642
144,1642
288,1645
487,1746
516,1644
0,1644
424,1644
1180,1646
559,1647
0,1647
34,1647
149,1648
0,1648
549,1648
1116,1648
840,1649
805,1650
279,1651
58,1652
257,1653
958,1654
381,1655
767,1655
1194,1656
236,1657
716,1658
51,1659
31,1660
825,1661
454,1661
144,1662
264,1663
552,1664
223,1665
210,1666
0,1666
150,1666
776,1667
499,1668
615,1669
786,1670
0,1670
925,1670
0,1670
14,1670
0,1670
263,1670
1067,1671
0,1671
557,1671
0,1671
754,1671
0,1671
300,1671
932,1672
104,1673
553,1674
890,1675
54,1676
698,1677
0,1677
885,1677
0,1677
890,1677
0,1677
628,1677
0,1677
30,1677
0,1677
836,1677
0,1677
670,1677
0,1677
932,1677
935,1678
688,1678
0,1678
527,1678
0,1678
1192,1678
0,1678
338,1678
853,1679
0,1679
781,1679
0,1679
562,1679
0,1679
926,1679
935,1680
688,1680
0,1680
13,1680
0,1680
489,1680
334,1686
683,1681
671,1682
5,1682
141,1682
1181,1683
1218,1684
1175,1685
754,1687
29,1688
248,1689
1145,1690
51,1691
814,1692
758,1693
817,1694
177,1695
817,1696
1072,1697
1030,1698
0,1698
1145,1698
786,1699
103,1700
1178,1701
71,1702
404,1703
0,1703
71,1703
1187,1704
969,1705
1225,1706
0,1706
325,1706
685,1707
325,1708
878,1709
0,1709
986,1709
1217,1710
986,1711
1213,1712
70,1713
204,1714
0,1714
493,1714
846,1715
788,1716
404,1717
794,1718
378,1719
935,1751
688,1751
0,1751
13,1751
0,1751
489,1751
641,1720
957,1721
92,1722
552,1723
280,1724
0,1724
828,1724
1044,1725
1044,1726
0,1726
950,1726
1030,1727
775,1728
307,1729
0,1729
487,1729
0,1729
494,1729
307,1730
0,1730
1003,1730
0,1730
377,1730
968,1731
15,1732
0,1732
184,1732
0,1732
349,1732
0,1732
267,1732
714,1733
90,1734
880,1735
0,1735
301,1735
654,1736
1172,1737
667,1738
0,1738
1045,1738
699,1739
225,1740
0,1740
50,1740
441,1741
30,1750
0,1750
939,1750
0,1750
874,1750
0,1750
824,1750
939,1748
0,1748
1126,1748
1102,1747
1235,1747
0,1747
874,1747
874,1749
0,1749
313,1749
885,1742
0,1742
1157,1742
114,1743
397,1744
116,1745
507,1938
0,1938
754,1938
0,1938
828,1938
0,1938
987,1938
0,1938
273,1938
0,1938
796,1938
358,1938
277,1764
438,1765
753,1766
537,1767
561,1768
26,1769
0,1769
278,1769
0,1769
843,1769
0,1769
508,1769
0,1769
899,1769
0,1769
166,1769
1032,1770
889,1771
1177,1775
1214,1772
203,1773
120,1774
1049,1776
960,1777
95,1778
356,1779
514,1780
8,1781
283,1782
458,1783
4,1784
918,1785
1112,1786
248,1787
0,1787
320,1787
75,1787
991,1788
397,1789
1162,1790
285,1792
285,1793
1223,1794
1036,1795
440,1796
1076,1797
712,1798
584,1799
353,1800
0,1800
298,1800
1188,1801
963,1802
43,1803
279,1804
682,1805
279,1806
735,1807
835,1866
741,1867
827,1868
814,1810
0,1810
805,1810
485,1811
1073,1812
1149,1813
302,1814
0,1814
468,1814
178,1815
898,1816
1182,1817
38,1818
1182,1819
1146,1849
12,1821
803,1822
584,1823
356,1824
565,1825
537,1826
865,1827
386,1829
1029,1828
629,1830
213,1831
169,1832
868,1833
635,1834
1127,1791
201,1791
233,1835
245,1809
245,1808
884,1838
1223,1839
588,1840
31,1841
1164,1842
238,1843
1002,1844
815,1845
386,1846
784,1847
1140,1848
479,1820
553,1850
0,1850
99,1850
780,1851
283,1852
1206,1853
102,1854
588,1855
110,1856
320,1857
75,1857
0,1857
1117,1857
690,1857
1033,1857
0,1857
580,1857
0,1857
918,1857
7,1858
7,1859
0,1859
796,1859
358,1859
220,1861
220,1862
761,1863
546,1863
805,1864
0,1864
682,1864
1230,1865
644,1836
95,1837
753,1869
1177,1871
616,1872
850,1873
0,1873
665,1873
557,1876
0,1876
320,1876
75,1876
885,1877
0,1877
273,1877
543,1942
103,1875
334,1874
1067,1878
0,1878
754,1878
0,1878
92,1878
0,1878
112,1878
1011,1879
999,1880
369,1882
281,1883
0,1883
979,1883
0,1883
511,1883
0,1883
1052,1883
0,1883
1147,1883
503,1884
0,1884
418,1884
0,1884
743,1884
1204,1941
1204,1885
862,1886
883,1944
682,1888
805,1943
513,1889
327,1890
996,1891
611,1892
0,1892
383,1892
761,1893
546,1893
513,1894
0,1894
243,1894
0,1894
761,1894
546,1894
536,1895
1234,1896
724,1897
125,1898
236,1899
539,1900
539,1901
1035,1902
1161,1903
919,1904
1218,1905
1161,1906
818,1907
451,1908
0,1908
1101,1908
1103,1909
616,1910
1161,1911
0,1911
162,1911
0,1911
78,1911
1161,1912
362,1913
1192,1914
0,1914
427,1914
0,1914
337,1914
717,1915
273,1916
254,1917
712,1918
121,1919
890,1920
0,1920
885,1920
0,1920
1192,1920
0,1920
412,1920
0,1920
302,1920
0,1920
1076,1920
0,1920
1212,1920
0,1920
841,1920
174,1921
333,1923
214,1922
105,1924
501,1924
171,1925
1179,1926
1100,1927
609,1928
0,1928
304,1928
0,1928
302,1928
46,1929
378,1930
641,1931
0,1931
758,1931
0,1931
449,1931
0,1931
1171,1931
604,1931
133,1932
874,1939
0,1939
695,1939
874,1940
0,1940
982,1940
874,1933
0,1933
448,1933
1048,1934
516,1935
0,1935
424,1935
0,1935
820,1935
0,1935
27,1935
970,1936
998,1945
0,1945
729,1945
0,1945
295,1945
0,1945
419,1945
507,2121
0,2121
754,2121
0,2121
828,2121
0,2121
287,2121
0,2121
987,2121
212,1946
360,1947
216,1948
0,1948
221,1948
811,1949
420,1950
0,1950
1125,1950
29,1951
0,1951
1190,1951
0,1951
567,1951
0,1951
176,1951
510,1952
0,1952
1037,1952
262,1952
176,1953
1222,1954
804,1954
485,1955
260,1956
965,1957
972,1958
529,1959
840,1960
1191,1961
244,1962
762,1963
552,1964
491,1965
12,1967
12,2126
665,1968
0,1968
40,1968
785,1969
285,1970
305,1971
1069,1972
1027,1973
737,1973
465,1974
637,1975
340,1976
117,1977
1203,1978
190,2122
80,1979
951,1980
187,1982
511,1983
0,1983
1052,1983
1067,1984
0,1984
557,1984
567,1985
0,1985
1069,1985
1069,1986
259,1987
143,1988
897,1989
387,1991
626,1992
236,1994
561,1995
654,1996
884,1997
514,1998
927,1999
135,2000
1086,2001
117,2002
288,2003
610,2004
554,2005
513,2006
462,2007
611,2008
220,2009
220,2010
279,2011
494,2012
0,2012
265,2012
0,2012
680,2012
494,2127
0,2127
265,2127
0,2127
680,2127
494,2013
0,2013
265,2013
0,2013
680,2013
277,2014
0,2014
246,2014
0,2014
800,2014
0,2014
812,2014
754,2015
0,2015
92,2015
754,2016
0,2016
79,2016
79,2017
557,2018
14,2019
223,2020
40,2021
499,2022
286,2023
852,2024
1190,2025
1190,2026
263,2027
9,2028
744,2029
174,2030
1234,1966
465,2033
1162,2034
0,2034
468,2034
1125,2035
537,2036
0,2036
566,2036
1127,2037
201,2037
227,2038
0,2038
700,2038
713,2039
77,2039
0,2039
523,2039
1067,2040
0,2040
700,2040
1054,2041
1223,2042
1225,2043
0,2043
39,2043
0,2043
1022,2043
0,2043
115,2043
989,2044
992,2045
327,2046
334,2047
0,2047
103,2047
285,2048
1127,2049
201,2049
1181,2050
340,2051
1067,2052
0,2052
754,2052
0,2052
112,2052
0,2052
227,2052
555,2053
1175,2054
29,2055
29,2056
970,2057
174,2058
46,2059
374,2060
682,2061
1054,1990
495,1993
245,2062
149,2063
0,2063
549,2063
1116,2063
560,2064
171,2065
0,2065
739,2065
407,2066
144,2067
458,2068
1186,2069
633,2070
940,2071
451,2072
0,2072
953,2072
885,2073
0,2073
99,2073
0,2073
523,2073
0,2073
478,2073
225,2074
0,2074
765,2074
556,2075
837,2076
1094,2084
582,2077
653,2078
814,2079
814,2031
602,2080
0,2080
705,2080
183,2081
261,2082
638,2083
568,2085
1190,2086
0,2086
659,2086
827,2087
19,2088
200,2089
932,2090
0,2090
305,2090
305,2091
483,2092
1189,2092
483,2093
1189,2093
1082,2094
1128,2095
603,2096
900,2097
90,2098
0,2098
81,2098
304,2099
0,2099
1076,2099
0,2099
748,2099
0,2099
953,2099
1001,2100
104,2101
0,2101
553,2101
0,2101
484,2101
0,2101
155,2101
0,2101
1158,2101
1143,2101
0,2101
45,2101
0,2101
787,2101
0,2101
901,2101
0,2101
953,2101
477,2102
265,2103
696,2104
144,2105
335,2106
839,2107
371,2107
659,2108
912,2109
932,2110
205,2111
689,2112
841,2113
138,2114
0,2114
680,2114
874,2115
874,2130
874,2125
874,2124
874,2116
874,2123
327,2117
993,2118
820,2119
0,2119
1162,2119
0,2119
27,2119
0,2119
684,2119
966,2120
507,2274
0,2274
754,2274
0,2274
828,2274
0,2274
1161,2274
0,2274
68,2274
1029,2131
1078,2132
283,2134
263,2135
866,2136
1040,2137
1032,2133
1159,2138
12,2139
154,2140
1203,2141
881,2142
0,2142
916,2142
835,2143
898,2145
1054,2147
397,2148
320,2149
75,2149
842,2151
494,2152
108,2153
1232,2154
94,2155
28,2156
1146,2157
904,2158
500,2158
41,2159
976,2160
189,2161
33,2162
1202,2163
1129,2164
1205,2165
92,2166
1142,2167
1094,2168
12,2169
0,2169
386,2169
514,2170
1094,2171
51,2172
145,2173
279,2174
844,2175
1125,2176
805,2181
463,2177
846,2178
1117,2179
690,2179
1033,2179
758,2180
718,2182
279,2184
883,2185
661,2183
959,2186
433,2187
260,2188
1130,2189
1004,2190
877,2191
1223,2192
263,2193
1076,2194
648,2195
756,2196
305,2197
305,2198
255,2200
786,2201
724,2202
865,2203
0,2203
719,2203
822,2204
0,2204
1153,2204
342,2199
963,2205
1203,2206
298,2207
831,2208
712,2209
0,2209
254,2209
0,2209
831,2209
0,2209
226,2209
712,2210
0,2210
48,2210
1138,2211
1078,2212
805,2213
0,2213
682,2213
236,2214
348,2215
804,2215
1011,2216
679,2217
814,2218
731,2150
831,2219
285,2220
304,2221
90,2222
675,2223
634,2224
281,2144
224,2225
840,2226
718,2227
334,2229
543,2230
1183,2231
28,2232
281,2233
0,2233
979,2233
0,2233
511,2233
0,2233
1052,2233
0,2233
366,2233
0,2233
941,2233
0,2233
1144,2233
332,2233
1017,2233
0,2233
909,2233
1161,2234
0,2234
281,2234
0,2234
511,2234
0,2234
941,2234
511,2235
885,2236
306,2237
966,2238
0,2238
829,2238
611,2239
0,2239
383,2239
721,2240
263,2241
1060,2242
614,2243
310,2244
552,2245
0,2245
414,2245
413,2245
136,2246
255,2247
283,2248
1026,2250
686,2251
741,2252
929,2253
929,2254
786,2255
0,2255
552,2255
0,2255
377,2255
0,2255
494,2255
0,2255
527,2255
0,2255
1192,2255
0,2255
337,2255
0,2255
970,2255
0,2255
841,2255
0,2255
265,2255
0,2255
915,2255
0,2255
137,2255
0,2255
228,2255
0,2255
764,2255
0,2255
91,2255
1151,2256
516,2257
0,2257
820,2257
0,2257
972,2257
368,2258
1070,2259
835,2260
261,2261
586,2262
16,2262
1039,2262
378,2263
750,2264
327,2265
637,2266
179,2267
1106,2268
509,2269
840,2275
1071,2270
796,2638
358,2638
299,2592
66,2593
949,2594
736,2595
211,2596
682,2597
1067,2599
341,2600
1023,2598
910,2601
514,2602
0,2602
515,2602
921,2603
1112,2604
0,2604
255,2604
966,2605
566,2606
668,2607
537,2608
0,2608
328,2608
52,2609
898,2610
144,2611
787,2612
6,2613
932,2614
874,2615
874,2616
569,2617
0,2617
282,2617
691,2618
741,2619
1094,2620
718,2621
948,2622
269,2623
543,2624
971,2625
1206,2626
616,2627
587,2628
682,2630
317,2629
227,2631
885,2632
0,2632
994,2632
858,2633
0,2633
32,2633
593,2639
1183,2634
516,2635
0,2635
684,2635
975,2636
507,2640
0,2640
287,2640
0,2640
1161,2640
0,2640
175,2640
175,2641
880,2642
120,2643
1023,2644
745,2645
437,2645
792,2645
467,2646
423,2648
324,2649
1067,2650
854,2652
884,2653
0,2653
605,2653
20,2654
191,2655
912,2656
863,2657
329,2658
95,2659
932,2660
0,2660
571,2660
1011,2661
44,2662
1035,2663
839,2664
371,2664
1006,2666
553,2667
0,2667
901,2667
553,2668
144,2669
1186,2670
0,2670
518,2670
247,2671
878,2672
855,2673
831,2674
0,2674
226,2674
0,2674
299,2674
691,2675
1222,2676
804,2676
808,2677
616,2678
446,2679
797,2680
682,2681
1114,2683
966,2685
261,2686
0,2686
566,2686
566,2687
249,2688
789,2689
720,2690
5,2690
540,2690
284,2691
977,2692
1159,2693
144,2694
247,2695
1006,2696
718,2697
149,2699
0,2699
549,2699
1116,2699
0,2699
450,2699
0,2699
945,2699
883,2700
0,2700
221,2700
971,2701
245,2702
0,2702
849,2702
1089,2703
220,2704
183,2705
101,2665
29,2706
320,2707
75,2707
1112,2708
921,2709
305,2710
408,2711
199,2712
567,2651
0,2651
199,2651
199,2713
0,2713
571,2713
567,2714
1003,2715
0,2715
595,2715
1003,2716
308,2717
252,2717
334,2718
932,2719
351,2720
276,2721
499,2722
0,2722
268,2722
823,2723
983,2724
858,2725
0,2725
32,2725
0,2725
1211,2725
0,2725
481,2725
800,2726
900,2728
797,2729
653,2730
0,2730
687,2730
0,2730
336,2730
0,2730
1155,2730
880,2731
758,2732
452,2733
1118,2734
422,2735
185,2735
422,2736
185,2736
1175,2737
932,2738
29,2739
29,2740
1181,2741
248,2742
0,2742
374,2742
248,2743
87,2745
947,2746
304,2747
0,2747
1066,2747
552,2748
71,2749
921,2750
682,2751
682,2752
751,2753
741,2754
910,2756
865,2757
537,2758
0,2758
566,2758
0,2758
328,2758
0,2758
778,2758
653,2759
910,2755
279,2760
1160,2761
76,2762
365,2763
668,2766
668,2767
584,2765
629,2768
687,2769
514,2770
1118,2771
1154,2786
1121,2773
714,2774
669,2775
874,2776
1074,2777
0,2777
506,2777
1106,2778
29,2779
0,2779
1036,2779
0,2779
567,2779
0,2779
176,2779
0,2779
831,2779
0,2779
199,2779
0,2779
73,2779
0,2779
232,2779
0,2779
1014,2779
0,2779
677,2779
0,2779
625,2779
0,2779
430,2779
71,2780
968,2781
1000,2782
250,2783
542,2772
930,2784
494,2727
318,2785
374,2787
408,2788
0,2788
367,2788
0,2788
319,2788
177,2789
618,2790
794,2791
452,2792
532,2793
517,2794
975,2795
885,2796
0,2796
994,2796
552,2797
0,2797
858,2797
0,2797
471,2797
0,2797
474,2797
841,2798
206,2799
507,2959
0,2959
754,2959
0,2959
1161,2959
0,2959
268,2959
0,2959
175,2959
122,2960
1172,2961
491,2962
154,2966
1154,2964
0,2964
819,2964
741,2965
1168,2967
606,2968
376,2969
464,2970
1011,2971
1011,2972
306,2973
172,2974
1057,2975
997,2976
139,2977
1002,2978
664,2979
1197,2980
100,2981
0,2981
533,2981
984,2982
984,2983
465,2984
666,2985
259,2986
106,2987
989,2988
714,2963
18,2989
814,2990
662,2991
1041,2992
272,2993
0,2993
343,2993
538,2994
1112,3120
0,3120
255,3120
0,3120
1054,3120
549,2995
1108,2995
48,2996
1131,2997
814,2998
630,2999
260,3000
485,3001
279,3002
1018,3003
261,3004
1224,3005
1112,3006
107,3007
572,3008
658,3026
700,3011
464,3012
103,3013
1131,3014
643,3015
411,3016
931,3017
382,3018
382,3019
293,3020
0,3020
123,3020
0,3020
1208,3020
0,3020
535,3020
616,3021
516,3022
1038,3023
1168,3024
71,3009
71,3010
525,3027
285,3028
164,3119
164,3090
0,3090
124,3090
872,3030
703,3031
686,3032
1011,3033
0,3033
868,3033
0,3033
1027,3033
737,3033
687,3034
832,3036
153,3037
732,3038
691,3039
43,3040
165,3041
932,3044
550,3042
0,3042
389,3042
966,3043
0,3043
600,3043
174,3045
1051,3046
514,3047
795,3048
649,3048
596,3049
215,3050
872,3051
1052,3052
911,3053
764,3054
1144,3055
332,3055
1017,3055
1162,3058
356,3059
893,3029
505,3060
653,3061
674,3062
1206,3063
0,3063
648,3063
0,3063
311,3063
1059,3063
970,3064
0,3064
869,3064
0,3064
388,3064
857,3065
347,3066
1007,3067
1230,3068
1230,3069
596,3070
228,3072
0,3072
766,3072
0,3072
459,3072
0,3072
186,3072
890,3073
0,3073
841,3073
717,3074
699,3075
84,3071
1103,3076
899,3077
0,3077
1125,3077
216,3078
0,3078
221,3078
1193,3079
851,3080
889,3081
686,3082
404,3083
1136,3084
547,3085
656,3087
440,3088
298,3089
0,3089
1066,3089
334,3118
451,3091
0,3091
96,3091
53,3092
998,3093
0,3093
179,3093
993,3094
874,3095
874,3097
874,3096
218,3100
132,3101
132,3102
256,3103
668,3104
1070,3105
373,3106
1141,3107
619,3108
78,3109
451,3110
133,3111
569,3112
935,3113
688,3113
0,3113
841,3113
0,3113
666,3113
0,3113
217,3113
0,3113
937,3113
0,3113
460,3113
1150,3114
152,3115
543,3116
1035,3117
